Date,Machine Turf,"Briquettes, Loose","Briquettes, Baled",Nuggets,House Coal,"Premium Coal, bulk","Premium Coal, bag","Standard Coal, bulk","Standard Coal, bag",Anthracite Peas,Standard Anthracite,Recxo,Phurnacite,Extracite,Grade A Anthracite,Coalite,"Ovoids (Low Smoke), bulk","Ovoids (Low Smoke), bag",Gas Oil (schedule),Gas Oil (discounted),Kerosene (schedule),Kerosene (discounted),Bulk L.P.G.,Bottled Butane,Bottled Propane 34kg,Bottled Propane 47kg,Natural Gas Standard Rate,Natural Gas Reducing 0 - 585 kWh,Natural Gas Reducing Rate next 585 kWh ,Natural Gas Reducing Rate over 1170 kWh ,Natural Gas Double Up Discount Rate,Natural Gas Economy Rate,Natural Gas Minisaver Rate,Natural Gas Supersaver Rate,Natural Gas New Standard Rate,Natural Gas Gas New Reducing Rate 0- 3490kWh,Natural Gas Gas New Reducing Rate >3490kWh,Price Directives Gas Band D1: <20 GJ per annum,Price Directives Gas Band D2: >=20 <200 GJ per annum,Price Directives Gas Band D3: >=200 GJ per annum,Price Directives Electricity Band DA: <1000 kWh per annum,"Price Directives Electricity Band DB: >=1000 <2,500 kWh per annum",Price Directives Electricity Band DC: >=2500 <5000 kWh per annum,"Price Directives Electricity Band DD: >=5000 <15,000 kWh per annum","Price Directives Electricity Band DE: >=15,000 kWh per annum",Electricity General Domestic Rate,Electricity Night Saver - Day,Electricity Night Saver - Night,Wood Pellets Bulk Delivery,Wood Pellets bagged,Wood -Briquettes,"Hardwood, Small Bag, 20% moisture, Collected","Softwood, Small Bag, 25% moisture, Collected","Hardwood, Full Pallet, 20% moisture, Delivered","Softwood, Full Pallet, 25% moisture, Delivered","Softwood, Bulk (loose),25% moisture, Delivered",Special Notes
1990-10-01,65.26,117.78,1.61,153.64,182.84,n/a,n/a,n/a,n/a,253.95,220.93,n/a,n/a,265.38,264.11,251.41,n/a,n/a,0.36,n/a,0.42,n/a,0.41,12.99,37.94,n/a,n/a,0.057,0.043,0.03,0.048,0.038,n/a,0.029,n/a,n/a,n/a,n/a,n/a,n/a,n/a,n/a,n/a,n/a,n/a,0.095,0.095,0.038,n/a,n/a,n/a,n/a,n/a,n/a,n/a,n/a,
1991-10-01,69.84,123.16,1.71,174.59,186.65,n/a,n/a,n/a,n/a,284.42,226.01,n/a,n/a,297.12,284.42,300.93,n/a,n/a,0.33,n/a,0.34,n/a,0.38,13.01,35.29,n/a,n/a,0.059,0.044,0.031,0.049,0.039,n/a,0.029,n/a,n/a,n/a,n/a,n/a,n/a,n/a,n/a,n/a,n/a,n/a,0.097,0.097,0.039,n/a,n/a,n/a,n/a,n/a,n/a,n/a,n/a,
1992-10-01,65,94.29,1.74,174.59,184.11,n/a,n/a,n/a,n/a,284.42,226.01,n/a,n/a,297.12,284.42,300.93,n/a,n/a,0.29,n/a,0.31,n/a,0.35,13.71,32.59,n/a,n/a,0.059,0.044,0.031,0.049,0.039,n/a,0.029,n/a,n/a,n/a,n/a,n/a,n/a,n/a,n/a,n/a,n/a,n/a,0.097,0.097,0.039,n/a,n/a,n/a,n/a,n/a,n/a,n/a,n/a,
1993-10-01,65,94.29,1.78,182.52,184.11,n/a,n/a,n/a,n/a,292.04,233.63,n/a,n/a,304.74,292.04,304.74,n/a,n/a,0.32,n/a,0.33,n/a,0.35,13.71,32.59,n/a,n/a,0.059,0.044,0.031,0.049,0.039,n/a,0.029,n/a,n/a,n/a,n/a,n/a,n/a,n/a,n/a,n/a,n/a,n/a,0.097,0.097,0.039,n/a,n/a,n/a,n/a,n/a,n/a,n/a,n/a,
1994-01-01,65,94.29,1.78,182.52,184.11,n/a,n/a,n/a,n/a,292.04,233.63,n/a,n/a,304.74,292.04,304.74,n/a,n/a,0.32,n/a,0.33,n/a,0.35,13.71,32.59,n/a,n/a,0.059,0.044,0.031,0.049,0.038,n/a,0.029,n/a,n/a,n/a,n/a,n/a,n/a,n/a,n/a,n/a,n/a,n/a,0.097,0.097,0.039,n/a,n/a,n/a,n/a,n/a,n/a,n/a,n/a,
1994-04-01,65,94.29,1.78,182.52,184.11,n/a,n/a,n/a,n/a,292.04,233.63,n/a,n/a,304.74,292.04,304.74,n/a,n/a,0.3,n/a,0.32,n/a,0.35,13.71,32.59,n/a,n/a,0.059,0.044,0.031,0.049,0.038,n/a,0.029,n/a,n/a,n/a,n/a,n/a,n/a,n/a,n/a,n/a,n/a,n/a,0.097,0.097,0.039,n/a,n/a,n/a,n/a,n/a,n/a,n/a,n/a,
1994-07-01,65,94.29,1.78,182.52,184.11,n/a,n/a,n/a,n/a,292.04,233.63,n/a,n/a,304.74,292.04,304.74,n/a,n/a,0.3,n/a,0.32,n/a,0.35,13.71,32.59,n/a,n/a,0.059,0.044,0.031,0.049,0.038,n/a,0.029,n/a,n/a,n/a,n/a,n/a,n/a,n/a,n/a,n/a,n/a,n/a,0.097,0.097,0.039,n/a,n/a,n/a,n/a,n/a,n/a,n/a,n/a,
1994-10-01,65,94.29,1.82,182.52,184.11,n/a,n/a,n/a,n/a,292.04,233.63,n/a,n/a,304.74,292.04,304.74,n/a,n/a,0.3,n/a,0.32,n/a,0.35,13.71,32.59,n/a,n/a,0.059,0.044,0.031,0.049,0.038,n/a,0.029,n/a,n/a,n/a,n/a,n/a,n/a,n/a,n/a,n/a,n/a,n/a,0.097,0.097,0.039,n/a,n/a,n/a,n/a,n/a,n/a,n/a,n/a,
1995-01-01,65,101.43,1.82,182.52,184.11,n/a,n/a,n/a,n/a,292.04,233.63,n/a,n/a,304.74,292.04,304.74,n/a,n/a,0.29,n/a,0.31,n/a,0.35,13.71,32.59,n/a,n/a,0.059,0.044,0.031,0.049,0.038,n/a,0.029,n/a,n/a,n/a,n/a,n/a,n/a,n/a,n/a,n/a,n/a,n/a,0.097,0.097,0.039,n/a,n/a,n/a,n/a,n/a,n/a,n/a,n/a,
1995-04-01,65,101.43,1.82,182.52,184.11,n/a,n/a,n/a,n/a,292.04,233.63,n/a,n/a,304.74,292.04,304.74,n/a,n/a,0.29,n/a,0.31,n/a,0.35,13.71,32.59,n/a,n/a,0.059,0.044,0.031,0.049,0.038,n/a,0.029,n/a,n/a,n/a,n/a,n/a,n/a,n/a,n/a,n/a,n/a,n/a,0.097,0.097,0.039,n/a,n/a,n/a,n/a,n/a,n/a,n/a,n/a,
1995-07-01,65,101.43,1.82,182.52,184.11,n/a,n/a,n/a,n/a,292.04,233.63,n/a,n/a,304.74,292.04,304.74,n/a,n/a,0.31,n/a,0.32,n/a,0.35,13.97,33.89,n/a,n/a,0.059,0.044,0.031,0.049,0.038,n/a,0.029,n/a,n/a,n/a,n/a,n/a,n/a,n/a,n/a,n/a,n/a,n/a,0.097,0.097,0.039,n/a,n/a,n/a,n/a,n/a,n/a,n/a,n/a,
1995-10-01,65,101.43,1.87,182.52,184.11,n/a,n/a,n/a,n/a,292.04,233.63,n/a,n/a,304.74,292.04,304.74,n/a,n/a,0.31,n/a,0.32,n/a,0.35,13.97,33.89,n/a,n/a,0.059,0.044,0.031,0.049,0.038,n/a,0.029,n/a,n/a,n/a,n/a,n/a,n/a,n/a,n/a,n/a,n/a,n/a,0.097,0.097,0.039,n/a,n/a,n/a,n/a,n/a,n/a,n/a,n/a,
1996-01-01,65,101.43,1.82,182.52,184.11,n/a,n/a,n/a,n/a,292.04,233.63,n/a,n/a,304.74,292.04,304.74,n/a,n/a,0.34,n/a,0.34,n/a,0.35,13.97,33.89,n/a,0.022,0.059,0.044,0.031,0.049,0.038,n/a,0.029,n/a,n/a,n/a,n/a,n/a,n/a,n/a,n/a,n/a,n/a,n/a,0.097,0.097,0.039,n/a,n/a,n/a,n/a,n/a,n/a,n/a,n/a,
1996-04-01,65,101.43,1.82,182.52,184.11,n/a,n/a,n/a,n/a,292.04,233.63,n/a,n/a,304.74,292.04,304.74,n/a,n/a,0.33,n/a,0.34,n/a,0.35,13.97,33.89,n/a,0.022,0.059,0.044,0.031,0.049,0.038,n/a,0.029,n/a,n/a,n/a,n/a,n/a,n/a,n/a,n/a,n/a,n/a,n/a,0.097,0.097,0.039,n/a,n/a,n/a,n/a,n/a,n/a,n/a,n/a,
1997-03-01,65,101.43,1.9,182.21,193,n/a,n/a,n/a,n/a,292.04,233.63,n/a,n/a,298.39,292.04,304.74,n/a,n/a,0.32,n/a,0.33,n/a,0.37,15.24,39.36,n/a,0.022,0.059,0.044,0.031,0.049,0.038,n/a,0.029,n/a,n/a,n/a,n/a,n/a,n/a,n/a,n/a,n/a,n/a,n/a,0.1,0.1,0.039,n/a,n/a,n/a,n/a,n/a,n/a,n/a,n/a,
1997-10-01,65,101.43,1.9,184.11,193.64,n/a,n/a,n/a,n/a,262.84,233.63,n/a,n/a,281.25,256.49,266.64,n/a,n/a,0.28,n/a,0.3,n/a,0.37,15.24,36.63,n/a,0.022,0.059,0.044,0.031,0.049,0.038,n/a,0.029,n/a,n/a,n/a,n/a,n/a,n/a,n/a,n/a,n/a,n/a,n/a,0.101,0.101,0.04,n/a,n/a,n/a,n/a,n/a,n/a,n/a,n/a,
1998-04-02,65,101.43,1.9,183.26,198.4,n/a,n/a,n/a,n/a,262.84,215.86,n/a,n/a,281.25,248.87,266.64,n/a,n/a,0.28,n/a,0.3,n/a,0.36,15.24,37.78,n/a,0.022,0.059,0.044,0.031,0.049,0.038,n/a,0.029,n/a,n/a,n/a,n/a,n/a,n/a,n/a,n/a,n/a,n/a,n/a,0.101,0.101,0.04,n/a,n/a,n/a,n/a,n/a,n/a,n/a,n/a,
1999-04-01,65,101.43,1.9,183.26,n/a,209,n/a,184.32,n/a,n/a,215.86,n/a,n/a,n/a,248.87,n/a,242.04,n/a,0.27,n/a,0.29,n/a,0.34,15.24,37.78,n/a,0.022,0.058,0.044,0.031,0.049,0.038,n/a,0.029,n/a,n/a,n/a,n/a,n/a,n/a,n/a,n/a,n/a,n/a,n/a,0.101,0.101,0.04,n/a,n/a,n/a,n/a,n/a,n/a,n/a,n/a,
1999-10-01,60,110,2.08,189.95,n/a,209,n/a,184.32,n/a,n/a,231.3,n/a,n/a,n/a,271.72,n/a,242.04,n/a,0.32,n/a,0.34,n/a,0.37,16.51,41.33,n/a,0.022,0.058,0.044,0.031,0.049,0.038,n/a,0.029,n/a,n/a,n/a,n/a,n/a,n/a,n/a,n/a,n/a,n/a,n/a,0.101,0.101,0.04,n/a,n/a,n/a,n/a,n/a,n/a,n/a,n/a,"New coal types have been added to the comparison sheet: standard house coal, premium house coal and smokeless ovoids"
2000-06-01,60,110,2.08,189.95,n/a,209,n/a,184.32,n/a,n/a,231.3,n/a,n/a,n/a,271.72,n/a,242.04,n/a,0.37,n/a,0.4,n/a,0.39,16.51,42.66,n/a,0.022,0.058,0.044,0.031,0.049,0.038,n/a,0.029,n/a,n/a,n/a,n/a,n/a,n/a,n/a,n/a,n/a,n/a,n/a,0.101,0.101,0.04,n/a,n/a,n/a,n/a,n/a,n/a,n/a,n/a,LPG Rates apply to one supplier only.
2000-11-01,60,110,2.08,189.95,n/a,209,n/a,184.32,n/a,n/a,231.3,n/a,n/a,n/a,271.72,n/a,242.04,n/a,0.51,n/a,0.51,n/a,0.46,17.78,46.13,n/a,0.022,0.058,0.044,0.031,0.049,0.038,n/a,0.029,n/a,n/a,n/a,n/a,n/a,n/a,n/a,n/a,n/a,n/a,n/a,0.101,0.101,0.04,n/a,n/a,n/a,n/a,n/a,n/a,n/a,n/a,No updated costs were supplied for Solid Fuels - costs recorded are for May 2000.
2001-08-01,62.85,117.13,2.29,203.84,n/a,241.67,n/a,219.86,n/a,n/a,262.68,n/a,n/a,n/a,301.25,n/a,257.03,n/a,0.48,n/a,0.49,n/a,0.49,17.78,46.13,n/a,0.022,0.058,0.044,0.031,0.049,0.038,n/a,0.029,n/a,n/a,n/a,n/a,n/a,n/a,n/a,n/a,n/a,n/a,n/a,0.101,0.101,0.04,n/a,n/a,n/a,n/a,n/a,n/a,n/a,n/a,
2002-02-01,62.85,117.13,2.37,206.8,n/a,247.63,n/a,227.6,n/a,n/a,265.59,n/a,n/a,n/a,305,n/a,265,n/a,0.4,n/a,0.41,n/a,0.38,15.89,41.16,n/a,0.022,0.058,0.044,0.031,0.049,0.038,n/a,0.029,n/a,n/a,n/a,n/a,n/a,n/a,n/a,n/a,n/a,n/a,n/a,0.107,0.107,0.04,n/a,n/a,n/a,n/a,n/a,n/a,n/a,n/a,
2003-02-01,65.41,125.2,2.6,220.06,n/a,258.79,n/a,239.02,n/a,n/a,289.47,n/a,n/a,n/a,326.99,n/a,281.38,n/a,0.38,n/a,0.38,n/a,0.45,18.6,47.7,n/a,0.022,0.059,0.044,0.031,n/a,0.039,n/a,0.03,n/a,n/a,n/a,n/a,n/a,n/a,n/a,n/a,n/a,n/a,n/a,0.108,0.108,0.045,n/a,n/a,n/a,n/a,n/a,n/a,n/a,n/a,
2003-04-01,65.41,125.2,2.6,220.06,n/a,258.79,n/a,239.02,n/a,n/a,289.47,n/a,n/a,n/a,326.99,n/a,281.38,n/a,0.49,n/a,0.49,n/a,0.48,18.76,49.2,n/a,0.025,0.064,0.048,0.034,n/a,n/a,n/a,0.032,n/a,n/a,n/a,n/a,n/a,n/a,n/a,n/a,n/a,n/a,n/a,0.122,0.122,0.052,n/a,n/a,n/a,n/a,n/a,n/a,n/a,n/a,Double up discount and economy rates have been discontinued by Bord Gais. Oil prices reflect an exceptional international price increase during the Iraq war - prices moderated by mid April 2003.
2003-07-01,n/a,n/a,2.8,227.67,n/a,268.38,n/a,236.21,n/a,n/a,294.58,n/a,n/a,n/a,327.33,n/a,280.43,n/a,0.36,n/a,0.36,n/a,0.45,18.76,48.26,58.58,0.025,0.064,0.048,0.034,n/a,n/a,n/a,0.032,n/a,n/a,n/a,n/a,n/a,n/a,n/a,n/a,n/a,n/a,n/a,0.122,0.122,0.052,n/a,n/a,n/a,n/a,n/a,n/a,n/a,n/a,Bottled Propane 47kg has been introduced this quarter. Prices for Machine Turf and Briquettes Loose have been discontinued.
2003-10-01,n/a,n/a,2.8,227.67,n/a,268.38,n/a,236.21,n/a,n/a,294.58,n/a,n/a,n/a,327.33,n/a,280.43,n/a,0.37,n/a,0.38,n/a,0.45,18.75,48.24,58.58,0.025,0.064,0.048,0.034,n/a,n/a,n/a,0.032,n/a,n/a,n/a,n/a,n/a,n/a,n/a,n/a,n/a,n/a,n/a,0.122,0.122,0.052,n/a,n/a,n/a,n/a,n/a,n/a,n/a,n/a,
2004-01-01,n/a,n/a,2.8,227.67,n/a,268.38,n/a,236.21,n/a,n/a,294.58,n/a,n/a,n/a,327.33,n/a,280.43,n/a,0.38,n/a,0.39,n/a,0.45,18.75,48.26,58.58,0.025,0.064,0.048,0.034,n/a,n/a,n/a,0.032,n/a,n/a,n/a,n/a,n/a,n/a,n/a,n/a,n/a,n/a,n/a,0.126,0.126,0.056,n/a,n/a,n/a,n/a,n/a,n/a,n/a,n/a,Prices for Machine Turf and Briquettes Loose have been discontinued.
2004-04-01,n/a,n/a,2.8,227.67,n/a,268.38,n/a,236.21,n/a,n/a,294.58,n/a,n/a,n/a,327.33,n/a,280.43,n/a,0.39,n/a,0.39,n/a,0.45,18.75,48.26,58.58,0.025,0.064,0.048,0.034,n/a,0.042,n/a,0.032,n/a,n/a,n/a,n/a,n/a,n/a,n/a,n/a,n/a,n/a,n/a,0.126,0.126,0.056,n/a,n/a,n/a,n/a,n/a,n/a,n/a,n/a,Economy rate reintroduced by Bord Gais. No updated costs have been received for Solid Fuels - costs recorded are for July 2003.
2004-07-01,n/a,n/a,3,225.88,n/a,258.63,n/a,236.21,n/a,n/a,298.04,n/a,n/a,n/a,337.32,n/a,285.43,n/a,0.44,n/a,0.44,n/a,0.48,20.62,53.76,74.42,0.025,0.064,0.048,0.034,n/a,0.042,n/a,0.032,n/a,n/a,n/a,n/a,n/a,n/a,n/a,n/a,n/a,n/a,n/a,0.126,0.126,0.056,n/a,n/a,n/a,n/a,n/a,n/a,n/a,n/a,
2004-10-01,n/a,n/a,3.13,225.88,n/a,258.63,n/a,236.21,n/a,n/a,298.04,n/a,n/a,n/a,337.32,n/a,285.43,n/a,0.48,n/a,0.49,n/a,0.52,20.62,53.76,74.42,0.027,0.071,0.054,0.038,n/a,0.047,n/a,0.036,n/a,n/a,n/a,n/a,n/a,n/a,n/a,n/a,n/a,n/a,n/a,0.138,0.138,0.061,n/a,n/a,n/a,n/a,n/a,n/a,n/a,n/a,New tariffs for Bord Gais and ESB.  No update received for Coal prices this quarter.
2005-01-01,n/a,n/a,3.13,225.88,n/a,258.63,n/a,236.21,n/a,n/a,298.04,n/a,n/a,n/a,337.32,n/a,285.43,n/a,0.45,n/a,0.46,n/a,0.53,21.37,56.4,78.06,0.027,0.071,0.054,0.038,n/a,0.047,n/a,0.036,n/a,n/a,n/a,n/a,n/a,n/a,n/a,n/a,n/a,n/a,n/a,0.138,0.138,0.062,n/a,n/a,n/a,n/a,n/a,n/a,n/a,n/a,
2005-04-01,n/a,n/a,3,225.88,n/a,258.63,n/a,236.21,n/a,n/a,298.04,n/a,n/a,n/a,337.32,n/a,285.43,n/a,0.53,n/a,0.54,n/a,0.51,21.45,56.5,78.2,0.027,0.071,0.054,0.038,n/a,0.047,n/a,0.036,n/a,n/a,n/a,n/a,n/a,n/a,n/a,n/a,n/a,n/a,n/a,0.138,0.138,0.062,0.2,n/a,0.38,n/a,n/a,n/a,n/a,n/a,Wood figures are from jan 05
2005-07-01,n/a,n/a,3,245,n/a,280.93,n/a,257.47,n/a,n/a,325.75,n/a,n/a,n/a,377.46,n/a,319.68,n/a,0.57,n/a,0.59,n/a,0.51,21.43,56.6,78.34,0.027,0.071,0.054,0.038,n/a,0.047,n/a,0.036,n/a,n/a,n/a,n/a,n/a,n/a,n/a,n/a,n/a,n/a,n/a,0.138,0.138,0.062,0.2,n/a,0.38,n/a,n/a,n/a,n/a,n/a,Wood figures are from Jan '05. Gas Economy rate has changed to Low User Commitment and Supersaver Rate has changed to High User Commitment.
2005-10-01,n/a,n/a,3,245,n/a,280.93,n/a,257.47,n/a,n/a,325.75,n/a,n/a,n/a,377.46,n/a,319.68,n/a,0.66,n/a,0.67,n/a,0.57,22.87,61.2,84.64,0.034,0.089,0.067,0.047,n/a,0.059,n/a,0.045,n/a,n/a,n/a,n/a,n/a,n/a,n/a,n/a,n/a,n/a,n/a,0.138,0.138,0.062,0.2,n/a,0.38,n/a,n/a,n/a,n/a,n/a,Wood figures are from Jan '05. Solid Fuel figures are for July '05. Gas Economy rate has changed to Low User Commitment and Supersaver Rate has changed to High User Commitment.
2006-01-01,n/a,n/a,3,245,n/a,280.93,n/a,257.47,n/a,n/a,325.75,n/a,n/a,n/a,377.46,n/a,319.68,n/a,0.59,n/a,0.59,n/a,0.59,23.27,62.33,86.19,0.034,0.089,0.067,0.047,n/a,0.059,n/a,0.045,n/a,n/a,n/a,n/a,n/a,n/a,n/a,n/a,n/a,n/a,n/a,0.144,0.144,0.07,0.21,0.28,0.37,n/a,n/a,n/a,n/a,n/a,Solid fuel prices are from July 05. Gas Economy rate has changed to Low User Commitment and Supersaver Rate has changed to High User Commitment. Wood pellets bagged added this quarter.
2006-04-01,n/a,n/a,3,245,n/a,280.93,n/a,257.47,n/a,n/a,325.75,n/a,n/a,n/a,377.46,n/a,319.68,n/a,0.62,n/a,0.62,n/a,0.61,23.27,62.33,86.19,0.034,0.089,0.067,0.047,n/a,0.059,n/a,0.045,n/a,n/a,n/a,n/a,n/a,n/a,n/a,n/a,n/a,n/a,n/a,0.144,0.144,0.07,0.16,0.29,0.37,n/a,n/a,n/a,n/a,n/a,Solid fuel prices are from July 05. Gas Economy rate has changed to Low User Commitment and Supersaver Rate has changed to High User Commitment. Wood fuels percentage change not applicable to last quarter due to misclassification of price.
2006-07-01,n/a,n/a,3.2,265.43,n/a,297.96,n/a,274.5,n/a,n/a,376.83,n/a,n/a,n/a,428.54,n/a,340.11,n/a,0.65,n/a,0.65,n/a,0.63,23.27,62.33,86.19,0.034,0.089,0.067,0.047,n/a,0.059,n/a,0.045,n/a,n/a,n/a,n/a,n/a,n/a,n/a,n/a,n/a,n/a,n/a,0.144,0.144,0.07,0.16,0.31,0.38,n/a,n/a,n/a,n/a,n/a,Gas Economy rate has changed to Low User Commitment and Supersaver Rate has changed to High User Commitment.
2006-10-01,n/a,n/a,3.2,265.43,n/a,297.96,n/a,274.5,n/a,n/a,376.83,n/a,n/a,n/a,428.54,n/a,340.11,n/a,0.58,n/a,0.58,n/a,0.65,23.68,63.57,87.89,0.045,0.12,0.09,0.063,n/a,0.079,n/a,0.06,n/a,n/a,n/a,n/a,n/a,n/a,n/a,n/a,n/a,n/a,n/a,0.144,0.144,0.07,0.18,0.32,0.38,n/a,n/a,n/a,n/a,n/a,Peat and Coal rates as at July 2006.
2007-01-01,n/a,n/a,3.2,265.43,n/a,297.96,n/a,274.5,n/a,n/a,376.83,n/a,n/a,n/a,428.54,n/a,340.11,n/a,0.57,n/a,0.56,n/a,0.65,23.86,64.03,88.53,0.045,0.12,0.09,0.063,n/a,0.079,n/a,0.06,n/a,n/a,n/a,n/a,n/a,n/a,n/a,n/a,n/a,n/a,n/a,0.163,0.163,0.08,0.18,0.34,0.39,n/a,n/a,n/a,n/a,n/a,Peat and Coal rates as at July 2006. Gas prices are due to reduce by 10% on Feb 1st 2007. These prices will be refelected in our April sheets.
2007-04-01,n/a,n/a,3.2,265.43,n/a,297.96,n/a,274.5,n/a,n/a,376.83,n/a,n/a,n/a,428.54,n/a,340.11,n/a,0.57,n/a,0.57,n/a,0.63,23.86,64.03,88.53,0.041,0.108,0.081,0.057,n/a,0.071,n/a,0.054,n/a,n/a,n/a,n/a,n/a,n/a,n/a,n/a,n/a,n/a,n/a,0.163,0.163,0.08,0.19,0.33,0.39,n/a,n/a,n/a,n/a,n/a,Peat and Coal rates as at July 2006. Gas prices reduced by 10% on Feb 1st 2007.
2007-07-01,n/a,n/a,n/a,n/a,n/a,n/a,n/a,n/a,n/a,n/a,n/a,n/a,n/a,n/a,445,n/a,n/a,n/a,0.61,n/a,0.61,n/a,0.64,23.86,64.03,88.53,0.041,0.108,0.081,0.057,n/a,0.071,n/a,0.054,n/a,n/a,n/a,0.108,0.061,0.052,0.458,0.224,0.192,0.173,0.147,0.163,0.163,0.08,0.19,0.33,0.38,n/a,n/a,n/a,n/a,n/a,Electricity and Gas prices are now sourced from the prices gathered for the EU Gas & Electricity Price Transparency Directive. No solid fuel prices supplied.
2007-10-01,n/a,n/a,n/a,n/a,n/a,n/a,n/a,n/a,n/a,n/a,n/a,n/a,n/a,n/a,445,n/a,n/a,n/a,0.61,n/a,0.61,n/a,0.64,23.86,64.03,88.53,n/a,n/a,n/a,n/a,n/a,n/a,n/a,n/a,0.055,0.069,0.051,0.108,0.061,0.052,0.458,0.224,0.192,0.173,0.147,0.163,0.163,0.08,0.19,0.31,0.37,n/a,n/a,n/a,n/a,n/a,
2008-01-01,n/a,n/a,3.5,n/a,n/a,315,n/a,295,n/a,n/a,395,n/a,n/a,n/a,445,n/a,360,n/a,0.73,n/a,0.72,n/a,0.7,24.85,66.99,92.62,n/a,n/a,n/a,n/a,n/a,n/a,n/a,n/a,0.051,0.069,0.051,0.068,0.054,0.052,0.445,0.209,0.177,0.157,0.137,0.161,0.161,0.079,0.21,0.32,0.34,n/a,n/a,n/a,n/a,n/a,
2008-04-01,n/a,n/a,3.5,n/a,n/a,315,n/a,295,n/a,n/a,395,n/a,n/a,n/a,445,n/a,360,n/a,0.76,n/a,0.76,n/a,0.77,25.35,68.58,95.06,n/a,n/a,n/a,n/a,n/a,n/a,n/a,n/a,0.051,0.069,0.051,0.068,0.054,0.052,0.445,0.209,0.177,0.157,0.137,0.161,0.161,0.079,0.22,0.32,0.34,n/a,n/a,n/a,n/a,n/a,
2008-07-01,n/a,n/a,3.5,n/a,n/a,390,n/a,370,n/a,n/a,470,n/a,n/a,n/a,520,n/a,410,n/a,1.05,n/a,1.04,n/a,0.85,27.68,75.03,103.93,n/a,n/a,n/a,n/a,n/a,n/a,n/a,n/a,0.051,0.069,0.051,0.071,0.065,0.062,0.488,0.237,0.203,0.184,0.159,0.161,0.161,0.079,0.22,0.32,0.34,n/a,n/a,n/a,n/a,n/a,
2008-10-01,n/a,n/a,3.5,n/a,n/a,405,n/a,385,n/a,n/a,470,n/a,n/a,n/a,520,n/a,435,n/a,0.92,n/a,0.89,n/a,0.89,29.1,78.75,109.04,n/a,n/a,n/a,n/a,n/a,n/a,n/a,n/a,0.062,0.08,0.062,0.071,0.065,0.062,0.488,0.237,0.203,0.184,0.159,0.194,0.194,0.096,0.22,0.32,0.34,n/a,n/a,n/a,n/a,n/a,
2009-01-01,n/a,n/a,3.85,n/a,n/a,405,n/a,385,n/a,n/a,470,n/a,n/a,n/a,520,n/a,435,n/a,0.58,n/a,0.56,n/a,0.83,28.38,76.73,106.29,n/a,n/a,n/a,n/a,n/a,n/a,n/a,n/a,0.062,0.08,0.062,0.069,0.064,0.062,0.433,0.233,0.203,0.184,0.161,0.199,0.199,0.098,0.23,0.32,0.32,n/a,n/a,n/a,n/a,n/a,Coal and Peat prices as of July 2008.
2009-04-01,n/a,n/a,3.85,330,n/a,405,n/a,385,n/a,n/a,470,n/a,n/a,n/a,520,n/a,435,n/a,0.61,n/a,0.6,n/a,0.72,28.38,76.73,106.29,n/a,n/a,n/a,n/a,n/a,n/a,n/a,n/a,0.062,0.08,0.062,0.069,0.064,0.062,0.433,0.233,0.203,0.184,0.161,0.189,0.189,0.094,0.23,0.34,0.3,n/a,n/a,n/a,n/a,n/a,
2009-07-01,n/a,n/a,3.85,330,n/a,405,n/a,385,n/a,n/a,470,n/a,n/a,n/a,470,n/a,410,n/a,0.66,n/a,0.67,n/a,0.72,28.38,76.73,106.29,n/a,n/a,n/a,n/a,n/a,n/a,n/a,n/a,0.055,0.073,0.055,0.063,0.055,0.051,0.416,0.206,0.186,0.169,0.147,0.168,0.168,0.083,0.22,0.35,0.31,n/a,n/a,n/a,n/a,n/a,
2009-10-01,n/a,n/a,3.85,330,n/a,380,n/a,360,n/a,n/a,450,n/a,n/a,n/a,470,n/a,410,n/a,0.63,n/a,0.62,n/a,0.72,28.38,76.73,106.29,n/a,n/a,n/a,n/a,n/a,n/a,n/a,n/a,0.049,0.068,0.049,0.063,0.055,0.051,0.416,0.206,0.186,0.169,0.147,0.152,0.162,0.08,0.22,0.32,0.34,n/a,n/a,n/a,n/a,n/a,
2010-01-01,n/a,n/a,3.85,330,n/a,380,n/a,360,n/a,n/a,450,n/a,n/a,n/a,470,n/a,410,n/a,0.7,n/a,0.68,n/a,0.69,28.38,76.73,106.29,n/a,n/a,n/a,n/a,n/a,n/a,n/a,n/a,0.049,0.068,0.049,0.055,0.05,0.047,0.403,0.211,0.18,0.161,0.14,0.152,0.162,0.08,0.22,0.32,0.35,n/a,n/a,n/a,n/a,n/a,
2010-04-01,n/a,n/a,3.85,330,n/a,380,n/a,360,n/a,n/a,450,n/a,n/a,n/a,470,n/a,410,n/a,0.76,n/a,0.74,n/a,0.75,28.38,76.73,106.29,n/a,n/a,n/a,n/a,n/a,n/a,n/a,n/a,0.045,0.068,0.045,0.055,0.05,0.047,0.403,0.211,0.18,0.161,0.14,0.152,0.162,0.08,0.22,0.32,0.36,n/a,n/a,n/a,n/a,n/a,
2010-07-01,n/a,n/a,3.85,330,n/a,380,n/a,360,n/a,n/a,450,n/a,n/a,n/a,470,n/a,410,n/a,0.88,n/a,0.86,n/a,0.78,29.5,80.31,111.26,n/a,n/a,n/a,n/a,n/a,n/a,n/a,n/a,0.047,0.071,0.047,0.055,0.05,0.047,0.403,0.211,0.18,0.161,0.14,0.152,0.162,0.08,0.22,0.33,0.36,n/a,n/a,n/a,n/a,n/a,
2010-10-01,n/a,n/a,3.85,330,n/a,380,n/a,360,n/a,n/a,451,n/a,n/a,n/a,471,n/a,410,n/a,0.85,n/a,0.82,n/a,0.78,29.8,81.3,112.64,n/a,n/a,n/a,n/a,n/a,n/a,n/a,n/a,n/a,n/a,n/a,0.06,0.053,0.048,0.439,0.219,0.188,0.168,0.143,n/a,n/a,n/a,0.22,0.32,0.36,n/a,n/a,n/a,n/a,n/a,
2011-01-01,n/a,n/a,3.85,330,n/a,380,n/a,360,n/a,n/a,450,n/a,n/a,n/a,470,n/a,411,n/a,0.87,n/a,0.85,n/a,0.91,31.6,86.95,119.32,n/a,n/a,n/a,n/a,n/a,n/a,n/a,n/a,n/a,n/a,n/a,0.06,0.053,0.048,0.439,0.219,0.188,0.168,0.143,n/a,n/a,n/a,0.22,0.32,0.38,n/a,n/a,n/a,n/a,n/a,
2011-04-01,n/a,n/a,3.9,325,n/a,365,n/a,350,n/a,n/a,435,n/a,n/a,n/a,475,n/a,410,n/a,1,n/a,0.99,n/a,0.91,31.6,86.95,119.32,n/a,n/a,n/a,n/a,n/a,n/a,n/a,n/a,n/a,n/a,n/a,0.056,0.051,0.048,0.426,0.235,0.19,0.158,0.132,n/a,n/a,n/a,0.23,0.32,0.38,n/a,n/a,n/a,n/a,n/a,
2011-07-01,n/a,n/a,3.9,325,n/a,365,n/a,350,n/a,n/a,435,n/a,n/a,n/a,475,n/a,410,n/a,0.93,n/a,0.93,n/a,0.91,31.53,86.85,119.18,n/a,n/a,n/a,n/a,n/a,n/a,n/a,n/a,n/a,n/a,n/a,0.056,0.051,0.048,0.426,0.235,0.19,0.158,0.132,n/a,n/a,n/a,0.22,0.31,0.39,n/a,n/a,n/a,n/a,n/a,
2011-10-01,n/a,n/a,3.9,325,n/a,365,n/a,350,n/a,n/a,435,n/a,n/a,n/a,475,n/a,410,n/a,0.97,n/a,0.96,n/a,0.91,31.53,86.85,119.18,n/a,n/a,n/a,n/a,n/a,n/a,n/a,n/a,n/a,n/a,n/a,0.072,0.062,0.057,0.529,0.25,0.209,0.185,0.155,n/a,n/a,n/a,0.23,0.32,0.38,n/a,n/a,n/a,n/a,n/a,
2012-01-01,n/a,n/a,3.9,325,n/a,365,n/a,350,n/a,n/a,435,n/a,n/a,n/a,475,n/a,410,n/a,1.02,n/a,0.99,n/a,0.89,31.53,86.9,118.68,n/a,n/a,n/a,n/a,n/a,n/a,n/a,n/a,n/a,n/a,n/a,0.072,0.062,0.057,0.529,0.25,0.209,0.185,0.155,n/a,n/a,n/a,0.23,0.32,0.38,n/a,n/a,n/a,n/a,n/a,
2012-04-01,n/a,n/a,3.9,325,n/a,365,n/a,350,n/a,n/a,435,n/a,n/a,n/a,475,n/a,410,n/a,1.07,n/a,1.05,n/a,0.9,31.53,86.9,118.68,n/a,n/a,n/a,n/a,n/a,n/a,n/a,n/a,n/a,n/a,n/a,0.068,0.061,0.058,0.547,0.262,0.215,0.188,0.163,n/a,n/a,n/a,0.24,0.32,0.38,n/a,n/a,n/a,n/a,n/a,Gas & Electricity prices represent prices from the EU Price Survey for 01/01/2012 to 30/06/2012.
2012-07-01,n/a,n/a,3.9,325,n/a,365,n/a,350,n/a,n/a,435,n/a,n/a,n/a,475,n/a,410,n/a,1.02,n/a,0.99,n/a,0.88,33.38,90.5,123.29,n/a,n/a,n/a,n/a,n/a,n/a,n/a,n/a,n/a,n/a,n/a,0.068,0.061,0.058,0.547,0.262,0.215,0.188,0.163,n/a,n/a,n/a,0.24,0.32,0.38,n/a,n/a,n/a,n/a,n/a,Gas & Electricity prices represent prices from the EU Price Survey for 01/01/2012 to 30/06/2012.
2012-10-01,n/a,n/a,3.9,325,n/a,365,n/a,350,n/a,n/a,435,n/a,n/a,n/a,475,n/a,410,n/a,1.1,n/a,1.07,n/a,0.94,33.38,90.5,123.29,n/a,n/a,n/a,n/a,n/a,n/a,n/a,n/a,n/a,n/a,n/a,0.077,0.067,0.062,0.59,0.279,0.229,0.202,0.173,n/a,n/a,n/a,0.25,0.32,0.38,n/a,n/a,n/a,n/a,n/a,Gas & Electricity prices represent prices from the EU Price Survey for 01/07/2012 to 31/12/2012.
2013-01-01,n/a,n/a,3.9,325,n/a,365,n/a,350,n/a,n/a,435,n/a,n/a,n/a,475,n/a,410,n/a,1.05,n/a,1.03,n/a,0.96,33.38,90.5,123.29,n/a,n/a,n/a,n/a,n/a,n/a,n/a,n/a,n/a,n/a,n/a,0.077,0.067,0.062,0.59,0.279,0.229,0.202,0.173,n/a,n/a,n/a,0.25,0.32,0.38,n/a,n/a,n/a,n/a,n/a,Gas & Electricity prices represent prices from the EU Price Survey for 01/07/2012 to 31/12/2012.
2013-04-01,n/a,n/a,3.9,325,n/a,365,n/a,350,n/a,n/a,435,n/a,n/a,n/a,475,n/a,410,n/a,1.06,n/a,1.03,n/a,0.96,33.38,90.5,123.29,n/a,n/a,n/a,n/a,n/a,n/a,n/a,n/a,n/a,n/a,n/a,0.071,0.065,0.062,0.608,0.279,0.23,0.199,0.173,n/a,n/a,n/a,0.24,0.33,0.38,n/a,n/a,n/a,n/a,n/a,Gas & Electricity prices represent prices from the EU Price Survey for 01/01/2013 to 30/06/2013.
2013-07-01,n/a,n/a,4.3,355,n/a,395,n/a,380,n/a,n/a,465,n/a,n/a,n/a,505,n/a,440,n/a,1.02,n/a,0.99,n/a,0.95,33.38,90.5,123.29,n/a,n/a,n/a,n/a,n/a,n/a,n/a,n/a,n/a,n/a,n/a,0.071,0.065,0.062,0.608,0.279,0.23,0.199,0.173,n/a,n/a,n/a,0.24,0.32,0.39,n/a,n/a,n/a,n/a,n/a,Gas & Electricity prices represent prices from the EU Price Survey for 01/01/2013 to 30/06/2013.
2013-10-01,n/a,n/a,4.3,366,n/a,409,n/a,389,n/a,n/a,476,n/a,n/a,n/a,516,n/a,451,n/a,1.03,n/a,1,n/a,0.93,33.38,90.5,123.29,n/a,n/a,n/a,n/a,n/a,n/a,n/a,n/a,n/a,n/a,n/a,0.089,0.072,0.066,0.641,0.299,0.24,0.211,0.181,n/a,n/a,n/a,0.26,0.33,0.39,n/a,n/a,n/a,n/a,n/a,Gas & Electricity prices represent prices from the EU Price Survey for 01/07/2013 to 31/12/2013.
2014-01-01,n/a,n/a,4.3,366,n/a,409,n/a,389,n/a,n/a,476,n/a,n/a,n/a,516,n/a,451,n/a,1.03,n/a,1.01,n/a,0.93,33.38,90.5,123.29,n/a,n/a,n/a,n/a,n/a,n/a,n/a,n/a,n/a,n/a,n/a,0.089,0.072,0.066,0.641,0.299,0.24,0.211,0.181,n/a,n/a,n/a,0.27,0.33,0.39,n/a,n/a,n/a,n/a,n/a,Gas & Electricity prices represent prices from the EU Price Survey for 01/07/2013 to 31/12/2013.
2014-04-01,n/a,n/a,4.3,366,n/a,409,n/a,389,n/a,n/a,476,n/a,n/a,n/a,516,n/a,451,n/a,1,n/a,0.97,n/a,0.88,33.38,90.5,123.29,n/a,n/a,n/a,n/a,n/a,n/a,n/a,n/a,n/a,n/a,n/a,0.076,0.068,0.064,0.648,0.3,0.241,0.208,0.181,n/a,n/a,n/a,0.27,0.33,0.38,n/a,n/a,n/a,n/a,n/a,Gas & Electricity prices represent prices from the EU Price Survey for 01/01/2014 to 30/06/2014.
2014-07-01,n/a,n/a,4.6,396,n/a,439,n/a,419,n/a,n/a,506,n/a,n/a,n/a,546,n/a,481,n/a,1.02,n/a,0.98,n/a,0.88,33.38,90.5,123.29,n/a,n/a,n/a,n/a,n/a,n/a,n/a,n/a,n/a,n/a,n/a,0.076,0.068,0.064,0.648,0.3,0.241,0.208,0.181,n/a,n/a,n/a,0.28,0.33,0.38,n/a,n/a,n/a,n/a,n/a,Gas & Electricity prices represent prices from the EU Price Survey for 01/01/2014 to 30/06/2014.
2014-10-01,n/a,n/a,4.6,396,n/a,439,n/a,419,n/a,n/a,506,n/a,n/a,n/a,546,n/a,481,n/a,0.99,n/a,0.97,n/a,0.88,33.38,90.5,123.29,n/a,n/a,n/a,n/a,n/a,n/a,n/a,n/a,n/a,n/a,n/a,0.09,0.075,0.067,0.665,0.321,0.254,0.218,0.182,n/a,n/a,n/a,0.29,0.34,0.38,n/a,n/a,n/a,n/a,n/a,Gas & Electricity prices represent prices from the EU Price Survey for 01/07/2014 to 31/12/2014.
2015-01-01,n/a,n/a,4.6,396,n/a,439,n/a,419,n/a,n/a,506,n/a,n/a,n/a,546,n/a,481,n/a,0.79,n/a,0.77,n/a,0.8,33.38,90.5,123.29,n/a,n/a,n/a,n/a,n/a,n/a,n/a,n/a,n/a,n/a,n/a,0.09,0.075,0.067,0.665,0.321,0.254,0.218,0.182,n/a,n/a,n/a,0.29,0.34,0.38,n/a,n/a,n/a,n/a,n/a,Gas & Electricity prices represent prices from the EU Price Survey for 01/07/2014 to 31/12/2014.
2015-04-01,n/a,n/a,4.6,396,n/a,439,n/a,419,n/a,n/a,506,n/a,n/a,n/a,546,n/a,481,n/a,0.83,n/a,0.8,n/a,0.74,29.88,79.5,108.16,n/a,n/a,n/a,n/a,n/a,n/a,n/a,n/a,n/a,n/a,n/a,0.075,0.067,0.063,0.697,0.31,0.243,0.204,0.174,n/a,n/a,n/a,0.29,0.35,0.37,n/a,n/a,n/a,n/a,n/a,Gas & Electricity prices represent prices from the EU Price Survey for 01/01/2015 to 30/06/2015.
2015-07-01,n/a,n/a,4.6,396,n/a,439,n/a,419,n/a,n/a,506,n/a,n/a,n/a,546,n/a,481,n/a,0.86,n/a,0.81,n/a,0.7,29.88,79.5,108.16,n/a,n/a,n/a,n/a,n/a,n/a,n/a,n/a,n/a,n/a,n/a,0.075,0.067,0.063,0.697,0.31,0.243,0.204,0.174,n/a,n/a,n/a,0.29,0.35,0.37,n/a,n/a,n/a,n/a,n/a,Gas & Electricity prices represent prices from the EU Price Survey for 01/01/2015 to 30/06/2015.
2015-10-01,n/a,n/a,4.6,396,n/a,439,n/a,419,n/a,n/a,506,n/a,n/a,n/a,546,n/a,481,n/a,0.77,n/a,0.73,n/a,0.7,29.88,79.5,108.16,n/a,n/a,n/a,n/a,n/a,n/a,n/a,n/a,n/a,n/a,n/a,0.089,0.072,0.065,0.481,0.307,0.245,0.211,0.181,n/a,n/a,n/a,0.29,0.36,0.38,n/a,n/a,n/a,n/a,n/a,"Gas & Electricity prices represent prices from the EU Price Survey for 01/07/2015 to 31/12/2015 (S2 2015). Firewood figures, bagged coal and discounted oil are from Jan 16"
2016-01-01,n/a,n/a,4.75,399,n/a,442,18.3,422,17.8,n/a,509,n/a,n/a,n/a,549,n/a,484,21.01,0.67,0.56,0.64,0.5,0.66,29.88,79.5,108.16,n/a,n/a,n/a,n/a,n/a,n/a,n/a,n/a,n/a,n/a,n/a,0.089,0.072,0.065,0.481,0.307,0.245,0.211,0.181,n/a,n/a,n/a,0.29,0.36,0.38,0.5,0.34,0.41,0.29,0.2,"Gas & Electricity prices represent prices from the EU Price Survey for 01/07/2015 to 30/06/2015 (S2 2015). Firewood figures, bagged coal and discounted oil are from Jan 16"
2016-04-01,n/a,n/a,4.75,399,n/a,442,18.3,422,17.8,n/a,509,n/a,n/a,n/a,549,n/a,484,21.01,0.67,0.56,0.65,0.5,0.66,29.88,79.5,108.16,n/a,n/a,n/a,n/a,n/a,n/a,n/a,n/a,n/a,n/a,n/a,0.073,0.065,0.061,0.409,0.283,0.232,0.199,0.172,n/a,n/a,n/a,0.29,0.36,0.38,0.5,0.34,0.41,0.29,0.2,Gas & Electricity prices represent prices from the EU Price Survey for 01/01/2016 to 30/06/2016 (S1 2016)
2016-07-01,n/a,n/a,4.75,399,n/a,442,18.3,422,17.8,n/a,509,n/a,n/a,n/a,549,n/a,484,21.01,0.73,0.62,0.7,0.56,0.64,29.15,77.75,108.16,n/a,n/a,n/a,n/a,n/a,n/a,n/a,n/a,n/a,n/a,n/a,0.073,0.065,0.061,0.409,0.283,0.232,0.199,0.172,n/a,n/a,n/a,0.29,0.36,0.38,0.5,0.34,0.41,0.29,0.2,Gas & Electricity prices represent prices from the EU Price Survey for 01/01/2016 to 30/06/2016 (S1 2016)
2016-10-01,n/a,n/a,4.75,399,n/a,442,18.3,422,17.8,n/a,509,n/a,n/a,n/a,549,n/a,484,21.22,0.75,0.62,0.71,0.56,0.64,29.15,77.75,108.16,n/a,n/a,n/a,n/a,n/a,n/a,n/a,n/a,n/a,n/a,n/a,0.083,0.068,0.06,0.443,0.298,0.234,0.199,0.166,n/a,n/a,n/a,0.29,0.35,0.38,0.5,0.34,0.41,0.29,0.2,Gas & Electricity prices represent prices from the EU Price Survey for 01/07/2016 to 31/12/2016 (S2 2016)
2017-01-01,n/a,n/a,4.75,399,n/a,442,18.33,422,17.47,n/a,509,n/a,n/a,n/a,549,n/a,484,20.7,0.83,0.67,0.79,0.63,0.64,29.15,77.75,108.16,n/a,n/a,n/a,n/a,n/a,n/a,n/a,n/a,n/a,n/a,n/a,0.083,0.068,0.06,0.443,0.298,0.234,0.199,0.166,n/a,n/a,n/a,0.29,0.36,0.38,0.5,0.34,0.41,0.29,0.2,Gas & Electricity prices represent prices from the EU Price Survey for 01/07/2016 to 31/12/2016 (S2 2016)
2017-04-01,n/a,n/a,4.75,399,n/a,442,18.33,422,17.47,n/a,509,n/a,n/a,n/a,549,n/a,484,20.7,0.79,0.63,0.76,0.59,0.71,30.23,81.23,112.98,n/a,n/a,n/a,n/a,n/a,n/a,n/a,n/a,n/a,n/a,n/a,0.071,0.063,0.059,0.415,0.298,0.23,0.192,0.159,n/a,n/a,n/a,0.29,0.36,0.38,0.5,0.34,0.41,0.29,0.2,Gas & Electricity prices represent prices from the EU Price Survey for 01/01/2017 to 30/06/2017 (S1 2017)
2017-07-01,n/a,n/a,4.75,399,n/a,442,18.33,422,17.47,n/a,509,n/a,n/a,n/a,549,n/a,484,20.75,0.75,0.63,0.72,0.58,0.71,30.23,81.23,112.98,n/a,n/a,n/a,n/a,n/a,n/a,n/a,n/a,n/a,n/a,n/a,0.071,0.063,0.059,0.415,0.298,0.23,0.192,0.159,n/a,n/a,n/a,0.29,0.36,0.38,0.5,0.34,0.41,0.29,0.2,Gas & Electricity prices represent prices from the EU Price Survey for 01/01/2017 to 30/06/2017 (S1 2017)
2017-10-01,n/a,n/a,4.75,399,n/a,442,18.33,422,17.47,n/a,509,n/a,n/a,n/a,549,n/a,484,20.75,0.81,0.68,0.77,0.62,0.73,30.23,81.23,112.98,n/a,n/a,n/a,n/a,n/a,n/a,n/a,n/a,n/a,n/a,n/a,0.071,0.063,0.059,0.415,0.298,0.23,0.192,0.159,n/a,n/a,n/a,0.28,0.34,0.37,0.5,0.34,0.41,0.29,0.2,Gas & Electricity prices represent prices from the EU Price Survey for 01/07/2017 to 31/12/2017 (S2 2017)
2018-01-01,n/a,n/a,4.5,425,n/a,475,18.33,437.5,17.47,n/a,550,n/a,n/a,n/a,625,n/a,500,20.75,0.84,0.72,0.81,0.68,0.76,30.23,84.1,116.98,n/a,n/a,n/a,n/a,n/a,n/a,n/a,n/a,n/a,n/a,n/a,0.081,0.065,0.057,0.418,0.302,0.236,0.201,0.164,n/a,n/a,n/a,0.28,0.34,0.37,0.5,0.34,0.41,0.29,0.2,Gas & Electricity prices represent prices from the EU Price Survey for 01/07/2017 to 31/12/2017 (S2 2017)
2018-04-01,n/a,n/a,4.5,425,n/a,475,18.33,437.5,17.47,n/a,550,n/a,n/a,n/a,625,n/a,500,20.75,0.84,0.72,0.82,0.69,0.76,30.23,84.1,116.98,n/a,n/a,n/a,n/a,n/a,n/a,n/a,n/a,n/a,n/a,n/a,0.081,0.065,0.057,0.418,0.302,0.236,0.201,0.164,n/a,n/a,n/a,0.31,0.38,0.39,0.47,0.38,0.4,0.31,0.22,Gas & Electricity prices represent prices from the EU Price Survey for 01/07/2017 to 31/12/2017 (S2 2017)
2018-07-01,n/a,n/a,4.5,425,n/a,475,18.33,437.5,17.47,n/a,550,n/a,n/a,n/a,625,n/a,500,20.75,0.9,0.76,0.88,0.72,0.76,30.23,84.1,116.98,n/a,n/a,n/a,n/a,n/a,n/a,n/a,n/a,n/a,n/a,n/a,0.081,0.065,0.057,0.418,0.302,0.236,0.201,0.164,n/a,n/a,n/a,0.31,0.36,0.39,0.47,0.38,0.4,0.31,0.22,Gas & Electricity prices represent prices from the EU Price Survey for 01/07/2017 to 31/12/2017 (S2 2017)
2018-10-01,n/a,n/a,4.5,425,n/a,475,19.66,437.5,18.66,n/a,550,n/a,n/a,n/a,625,n/a,500,20.87,0.96,0.85,0.93,0.81,0.86,31.77,100.5,138.23,n/a,n/a,n/a,n/a,n/a,n/a,n/a,n/a,n/a,n/a,n/a,0.069,0.063,0.06,0.384,0.306,0.237,0.196,0.162,n/a,n/a,n/a,0.31,0.36,0.39,0.47,0.38,0.4,0.31,0.22,Gas & Electricity prices represent prices from the EU Price Survey for 01/07/2018 to 31/12/2018 (S1 2018)
